{"cameraMode":{"drawMode":0,"name":"Shaded","section":"Shading Mode"},"sceneLighting":false,"audioPlay":false,"sceneViewState":{"m_AlwaysRefresh":false,"showFog":true,"showSkybox":false,"showFlares":true,"showImageEffects":true,"showParticleSystems":true,"showVisualEffectGraphs":true,"m_FxEnabled":true},"in2DMode":false,"pivot":{"x":8.324545860290528,"y":1.4500000476837159,"z":3.390000104904175},"rotation":{"x":-0.3028298020362854,"y":0.029154280200600625,"z":-0.009268668480217457,"w":-0.9525519609451294},"size":0.8660253882408142,"orthographic":false}