{"cameraMode":{"drawMode":0,"name":"Shaded","section":"Shading Mode"},"sceneLighting":true,"audioPlay":false,"sceneViewState":{"m_AlwaysRefresh":false,"showFog":true,"showSkybox":true,"showFlares":true,"showImageEffects":true,"showParticleSystems":true,"showVisualEffectGraphs":true,"m_FxEnabled":true},"in2DMode":false,"pivot":{"x":1.7447710037231446,"y":-3.7586874961853029,"z":14.807917594909668},"rotation":{"x":-0.1893499493598938,"y":0.0017642962047830225,"z":-0.00034088606480509043,"w":-0.9819098711013794},"size":10.707883834838868,"orthographic":false}