{"cameraMode":{"drawMode":0,"name":"Shaded","section":"Shading Mode"},"sceneLighting":true,"audioPlay":false,"sceneViewState":{"m_AlwaysRefresh":false,"showFog":true,"showSkybox":true,"showFlares":true,"showImageEffects":true,"showParticleSystems":true,"showVisualEffectGraphs":true,"m_FxEnabled":true},"in2DMode":false,"pivot":{"x":169.11053466796876,"y":-153.11367797851563,"z":54.159183502197269},"rotation":{"x":0.04816211760044098,"y":0.915296733379364,"z":-0.383004367351532,"w":0.11512637138366699},"size":122.98995208740235,"orthographic":false}