{"cameraMode":{"drawMode":0,"name":"Shaded","section":"Shading Mode"},"sceneLighting":true,"audioPlay":false,"sceneViewState":{"m_AlwaysRefresh":false,"showFog":true,"showSkybox":true,"showFlares":true,"showImageEffects":true,"showParticleSystems":true,"showVisualEffectGraphs":true,"m_FxEnabled":true},"in2DMode":false,"pivot":{"x":7.5604352951049809,"y":1.5684164762496949,"z":9.839542388916016},"rotation":{"x":0.04786233976483345,"y":-0.07036054134368897,"z":0.0033800709061324598,"w":0.9963679909706116},"size":15.646881103515625,"orthographic":true}