{"cameraMode":{"drawMode":0,"name":"Shaded","section":"Shading Mode"},"sceneLighting":true,"audioPlay":false,"sceneViewState":{"m_AlwaysRefresh":false,"showFog":true,"showSkybox":true,"showFlares":true,"showImageEffects":true,"showParticleSystems":true,"showVisualEffectGraphs":true,"m_FxEnabled":true},"in2DMode":false,"pivot":{"x":-1.9620349407196046,"y":10.2109956741333,"z":-5.014179229736328},"rotation":{"x":0.16408784687519074,"y":-0.13859008252620698,"z":0.02329309843480587,"w":0.9763888120651245},"size":15.664311408996582,"orthographic":true}